Rung,Section,Logic intent
000-019,Input handling,Scale LT/FIT/PIT; validate quality; debounce status
020-039,Modes,"Auto/manual, start/stop and duty selection"
040-069,Permissives,"Pump readiness, downstream path and protection status"
070-109,Control,LIC inventory demand and split-range outputs
110-169,Pump manager,"Run proving, ramping and bumpless changeover"
170-219,Faults,"Start fail, unexpected stop, speed mismatch, no flow and VFD trips"
220-249,Protection interface,"HH inlet override, LL pump override and status"
250-289,Alarms,"Priorities, first-out and reset"
290-319,HMI,"Commands, status, diagnostics and events"
